epoch,step,loss,temp,lr
1,20,0.3011144995689392,14.285715103149414,5e-06
1,40,0.29315096139907837,14.285715103149414,5e-06
1,60,0.18531683087348938,14.285715103149414,5e-06
1,80,0.3038666248321533,14.285715103149414,5e-06
1,100,0.17328087985515594,14.285715103149414,5e-06
1,120,0.22218933701515198,14.285715103149414,5e-06
1,140,0.24723713099956512,14.285715103149414,5e-06
1,160,0.11011271923780441,14.285715103149414,5e-06
1,180,0.13834095001220703,14.285715103149414,5e-06
1,200,0.11253063380718231,14.285715103149414,5e-06
1,220,0.11247432231903076,14.285715103149414,5e-06
1,240,0.20591679215431213,14.285715103149414,5e-06
1,260,0.10252595692873001,14.285715103149414,5e-06
1,280,0.2563900053501129,14.285715103149414,5e-06
1,300,0.22001896798610687,14.285715103149414,5e-06
1,320,0.04619176685810089,14.285715103149414,5e-06
1,340,0.19878996908664703,14.285715103149414,5e-06
1,360,0.09475931525230408,14.285715103149414,5e-06
1,380,0.028452277183532715,14.285715103149414,5e-06
1,400,0.05664439871907234,14.285715103149414,5e-06
1,420,0.1649954468011856,14.285715103149414,5e-06
1,440,0.3650634288787842,14.285715103149414,5e-06
1,460,0.1852240115404129,14.285715103149414,5e-06
1,480,0.06245439872145653,14.285715103149414,5e-06
1,500,0.1407904326915741,14.285715103149414,5e-06
1,520,0.06194411218166351,14.285715103149414,5e-06
1,540,0.12309031188488007,14.285715103149414,5e-06
1,560,0.19576063752174377,14.285715103149414,5e-06
1,580,0.05818053334951401,14.285715103149414,5e-06
1,600,0.11612232029438019,14.285715103149414,5e-06
1,620,0.17048443853855133,14.285715103149414,5e-06
1,640,0.09324336051940918,14.285715103149414,5e-06
1,660,0.15351416170597076,14.285715103149414,5e-06
1,680,0.09354014694690704,14.285715103149414,5e-06
1,700,0.09128233790397644,14.285715103149414,5e-06
1,720,0.21483244001865387,14.285715103149414,5e-06
1,740,0.11865101754665375,14.285715103149414,5e-06
1,760,0.07372283935546875,14.285715103149414,5e-06
1,780,0.060801006853580475,14.285715103149414,5e-06
1,800,0.1015048623085022,14.285715103149414,5e-06
1,820,0.08962801098823547,14.285715103149414,5e-06
1,840,0.28469395637512207,14.285715103149414,5e-06
1,860,0.017287440598011017,14.285715103149414,5e-06
1,880,0.020597033202648163,14.285715103149414,5e-06
1,900,0.24164129793643951,14.285715103149414,5e-06
1,920,0.06838138401508331,14.285715103149414,5e-06
1,940,0.04496598243713379,14.285715103149414,5e-06
1,960,0.023247744888067245,14.285715103149414,5e-06
1,980,0.024079307913780212,14.285715103149414,5e-06
1,1000,0.05065203830599785,14.285715103149414,5e-06
1,1020,0.1747514307498932,14.285715103149414,5e-06
1,1040,0.13561832904815674,14.285715103149414,5e-06
1,1060,0.04096907377243042,14.285715103149414,5e-06
1,1080,0.04831990599632263,14.285715103149414,5e-06
1,1100,0.010777443647384644,14.285715103149414,5e-06
1,1120,0.07584649324417114,14.285715103149414,5e-06
1,1140,0.08987141400575638,14.285715103149414,5e-06
1,1160,0.01696029305458069,14.285715103149414,5e-06
1,1180,0.2111356556415558,14.285715103149414,5e-06
1,1200,0.12986478209495544,14.285715103149414,5e-06
1,1220,0.12219543009996414,14.285715103149414,5e-06
1,1240,0.050114184617996216,14.285715103149414,5e-06
1,1260,0.012618474662303925,14.285715103149414,5e-06
1,1280,0.031534451991319656,14.285715103149414,5e-06
1,1300,0.2541906237602234,14.285715103149414,5e-06
1,1320,0.15643393993377686,14.285715103149414,5e-06
1,1340,0.058479707688093185,14.285715103149414,5e-06
1,1360,0.0419430285692215,14.285715103149414,5e-06
1,1380,0.12070336192846298,14.285715103149414,5e-06
1,1400,0.023988526314496994,14.285715103149414,5e-06
1,1420,0.04158654808998108,14.285715103149414,5e-06
1,1440,0.06945385038852692,14.285715103149414,5e-06
1,1460,0.07350512593984604,14.285715103149414,5e-06
1,1480,0.16399239003658295,14.285715103149414,5e-06
1,1500,0.04505150020122528,14.285715103149414,5e-06
1,1520,0.22060322761535645,14.285715103149414,5e-06
1,1540,0.01263495534658432,14.285715103149414,5e-06
1,1560,0.04749702662229538,14.285715103149414,5e-06
1,1580,0.3221278786659241,14.285715103149414,5e-06
1,1600,0.029261905699968338,14.285715103149414,5e-06
1,1620,0.029576020315289497,14.285715103149414,5e-06
1,1640,0.038288664072752,14.285715103149414,5e-06
1,1660,0.20791321992874146,14.285715103149414,5e-06
1,1680,0.11789970099925995,14.285715103149414,5e-06
1,1700,0.05414265766739845,14.285715103149414,5e-06
1,1720,0.10894153267145157,14.285715103149414,5e-06
1,1740,0.11921098828315735,14.285715103149414,5e-06
1,1760,0.19886867702007294,14.285715103149414,5e-06
1,1780,0.2331334352493286,14.285715103149414,5e-06
1,1800,0.22746194899082184,14.285715103149414,5e-06
1,1820,0.059973813593387604,14.285715103149414,5e-06
1,1840,0.016641788184642792,14.285715103149414,5e-06
1,1860,0.14548656344413757,14.285715103149414,5e-06
2,20,0.02040204219520092,14.28597354888916,5e-06
2,40,0.050963353365659714,14.286232948303223,5e-06
2,60,0.02481250837445259,14.286491394042969,5e-06
2,80,0.029349694028496742,14.2867431640625,5e-06
2,100,0.08831122517585754,14.287012100219727,5e-06
2,120,0.013249726966023445,14.287246704101562,5e-06
2,140,0.09426630288362503,14.287458419799805,5e-06
2,160,0.06427201628684998,14.287727355957031,5e-06
2,180,0.016261333599686623,14.287945747375488,5e-06
2,200,0.011653722263872623,14.28817367553711,5e-06
2,220,0.009211216121912003,14.288426399230957,5e-06
2,240,0.05502941086888313,14.288715362548828,5e-06
2,260,0.04071430861949921,14.28900146484375,5e-06
2,280,0.06199727579951286,14.289223670959473,5e-06
2,300,0.05550157278776169,14.289478302001953,5e-06
2,320,0.14549288153648376,14.289754867553711,5e-06
2,340,0.03101947158575058,14.290013313293457,5e-06
2,360,0.048511795699596405,14.290231704711914,5e-06
2,380,0.026789583265781403,14.290459632873535,5e-06
2,400,0.055047497153282166,14.290678024291992,5e-06
2,420,0.05589265748858452,14.29086971282959,5e-06
2,440,0.015917837619781494,14.291108131408691,5e-06
2,460,0.1444646120071411,14.291379928588867,5e-06
2,480,0.06126141548156738,14.291645050048828,5e-06
2,500,0.019251521676778793,14.291905403137207,5e-06
2,520,0.03147801011800766,14.292143821716309,5e-06
2,540,0.3360740840435028,14.292364120483398,5e-06
2,560,0.02681528404355049,14.292572021484375,5e-06
2,580,0.0676882266998291,14.292783737182617,5e-06
2,600,0.007762966677546501,14.292978286743164,5e-06
2,620,0.015863273292779922,14.29322624206543,5e-06
2,640,0.020271724089980125,14.293472290039062,5e-06
2,660,0.013560725376009941,14.293639183044434,5e-06
2,680,0.007902473211288452,14.293888092041016,5e-06
2,700,0.02854672446846962,14.294113159179688,5e-06
2,720,0.015877973288297653,14.29431438446045,5e-06
2,740,0.13891497254371643,14.29452896118164,5e-06
2,760,0.07438626885414124,14.294756889343262,5e-06
2,780,0.03802752494812012,14.294978141784668,5e-06
2,800,0.003416366409510374,14.295238494873047,5e-06
2,820,0.06805679202079773,14.295565605163574,5e-06
2,840,0.07087375968694687,14.295867919921875,5e-06
2,860,0.10989630222320557,14.2960786819458,5e-06
2,880,0.018545303493738174,14.2963285446167,5e-06
2,900,0.01598525233566761,14.296546936035156,5e-06
2,920,0.05655563622713089,14.296833038330078,5e-06
2,940,0.04009552299976349,14.29712200164795,5e-06
2,960,0.06478098779916763,14.297348022460938,5e-06
2,980,0.013393990695476532,14.297582626342773,5e-06
2,1000,0.020100820809602737,14.297828674316406,5e-06
2,1020,0.012492155656218529,14.298060417175293,5e-06
2,1040,0.01279439590871334,14.298295021057129,5e-06
2,1060,0.0348283126950264,14.298530578613281,5e-06
2,1080,0.014532698318362236,14.298772811889648,5e-06
2,1100,0.07913976907730103,14.299041748046875,5e-06
2,1120,0.016481913626194,14.299259185791016,5e-06
2,1140,0.061403896659612656,14.299495697021484,5e-06
2,1160,0.2634572982788086,14.299734115600586,5e-06
2,1180,0.09601809084415436,14.299962043762207,5e-06
2,1200,0.004947656765580177,14.300116539001465,5e-06
2,1220,0.03580854833126068,14.300324440002441,5e-06
2,1240,0.09685669094324112,14.300535202026367,5e-06
2,1260,0.06926245242357254,14.300740242004395,5e-06
2,1280,0.05986115336418152,14.300951957702637,5e-06
2,1300,0.019497495144605637,14.301202774047852,5e-06
2,1320,0.03078591451048851,14.301438331604004,5e-06
2,1340,0.08253715932369232,14.301653861999512,5e-06
2,1360,0.011415672488510609,14.301857948303223,5e-06
2,1380,0.04900475591421127,14.302096366882324,5e-06
2,1400,0.03012823313474655,14.302335739135742,5e-06
2,1420,0.1365300714969635,14.302600860595703,5e-06
2,1440,0.004977778065949678,14.30284309387207,5e-06
2,1460,0.008100642822682858,14.303126335144043,5e-06
2,1480,0.011378908529877663,14.303375244140625,5e-06
2,1500,0.029837384819984436,14.303593635559082,5e-06
2,1520,0.009498992003500462,14.30379867553711,5e-06
2,1540,0.12592282891273499,14.304033279418945,5e-06
2,1560,0.030372506007552147,14.304218292236328,5e-06
2,1580,0.03749677166342735,14.304422378540039,5e-06
2,1600,0.013165052980184555,14.30467414855957,5e-06
2,1620,0.004261253401637077,14.304946899414062,5e-06
2,1640,0.08397392183542252,14.305227279663086,5e-06
2,1660,0.04493481665849686,14.305438995361328,5e-06
2,1680,0.020423397421836853,14.305670738220215,5e-06
2,1700,0.041266314685344696,14.305920600891113,5e-06
2,1720,0.0688527300953865,14.306138038635254,5e-06
2,1740,0.0723554939031601,14.306360244750977,5e-06
2,1760,0.06585429608821869,14.306591987609863,5e-06
2,1780,0.11457571387290955,14.306819915771484,5e-06
2,1800,0.070607490837574,14.307034492492676,5e-06
2,1820,0.02003360539674759,14.307239532470703,5e-06
2,1840,0.09024150669574738,14.307477951049805,5e-06
2,1860,0.007869374006986618,14.307707786560059,5e-06
3,20,0.037082646042108536,14.308191299438477,5e-06
3,40,0.005623082630336285,14.308514595031738,5e-06
3,60,0.038386713713407516,14.308822631835938,5e-06
3,80,0.010419473052024841,14.30906867980957,5e-06
3,100,0.004274742677807808,14.309337615966797,5e-06
3,120,0.06326600909233093,14.309635162353516,5e-06
3,140,0.020857147872447968,14.309889793395996,5e-06
3,160,0.013636739924550056,14.310155868530273,5e-06
3,180,0.010846132412552834,14.310432434082031,5e-06
3,200,0.033859431743621826,14.310726165771484,5e-06
3,220,0.01725541427731514,14.310972213745117,5e-06
3,240,0.012476455420255661,14.311210632324219,5e-06
3,260,0.02096831239759922,14.311415672302246,5e-06
3,280,0.08659127354621887,14.311654090881348,5e-06
3,300,0.018213195726275444,14.311958312988281,5e-06
3,320,0.027377963066101074,14.312298774719238,5e-06
3,340,0.05880682170391083,14.312541007995605,5e-06
3,360,0.013087062165141106,14.31279468536377,5e-06
3,380,0.024684280157089233,14.313018798828125,5e-06
3,400,0.009749735705554485,14.313230514526367,5e-06
3,420,0.005869551561772823,14.31346607208252,5e-06
3,440,0.04125990718603134,14.313712120056152,5e-06
3,460,0.04917343333363533,14.313931465148926,5e-06
3,480,0.02844364196062088,14.314163208007812,5e-06
3,500,0.03289322555065155,14.314438819885254,5e-06
3,520,0.09724032133817673,14.314698219299316,5e-06
3,540,0.017667658627033234,14.314923286437988,5e-06
3,560,0.10033810883760452,14.315196990966797,5e-06
3,580,0.009649962186813354,14.315415382385254,5e-06
3,600,0.007802879437804222,14.315681457519531,5e-06
3,620,0.047748588025569916,14.315964698791504,5e-06
3,640,0.016089854761958122,14.316189765930176,5e-06
3,660,0.007482605520635843,14.316431999206543,5e-06
3,680,0.15151499211788177,14.316688537597656,5e-06
3,700,0.06795451045036316,14.31696891784668,5e-06
3,720,0.05519777536392212,14.317190170288086,5e-06
3,740,0.01559491828083992,14.317425727844238,5e-06
3,760,0.22070597112178802,14.31769847869873,5e-06
3,780,0.012010965496301651,14.317940711975098,5e-06
3,800,0.06610827147960663,14.31822395324707,5e-06
3,820,0.08129404485225677,14.318459510803223,5e-06
3,840,0.009963257238268852,14.318709373474121,5e-06
3,860,0.01633135788142681,14.318927764892578,5e-06
3,880,0.04625207185745239,14.31915283203125,5e-06
3,900,0.01776346005499363,14.319375038146973,5e-06
3,920,0.010230215266346931,14.319576263427734,5e-06
3,940,0.1340945065021515,14.319801330566406,5e-06
3,960,0.01608957350254059,14.320054054260254,5e-06
3,980,0.01669236272573471,14.320279121398926,5e-06
3,1000,0.00984526053071022,14.320514678955078,5e-06
3,1020,0.05625190958380699,14.32078742980957,5e-06
3,1040,0.038006801158189774,14.321057319641113,5e-06
3,1060,0.018536277115345,14.321276664733887,5e-06
3,1080,0.004890733398497105,14.32154655456543,5e-06
3,1100,0.08440054953098297,14.321823120117188,5e-06
3,1120,0.009015203453600407,14.322054862976074,5e-06
3,1140,0.07251027226448059,14.322321891784668,5e-06
3,1160,0.047693703323602676,14.322515487670898,5e-06
3,1180,0.018376007676124573,14.322761535644531,5e-06
3,1200,0.005168430507183075,14.32298469543457,5e-06
3,1220,0.002833475125953555,14.323202133178711,5e-06
3,1240,0.08403730392456055,14.323420524597168,5e-06
3,1260,0.014242399483919144,14.323636054992676,5e-06
3,1280,0.03228577971458435,14.323871612548828,5e-06
3,1300,0.004956199321895838,14.324092864990234,5e-06
3,1320,0.11348786950111389,14.324346542358398,5e-06
3,1340,0.010366805829107761,14.324625968933105,5e-06
3,1360,0.0067187706008553505,14.324895858764648,5e-06
3,1380,0.0042070080526173115,14.325160026550293,5e-06
3,1400,0.1146860122680664,14.325446128845215,5e-06
3,1420,0.01857694610953331,14.325661659240723,5e-06
3,1440,0.009625430218875408,14.325839042663574,5e-06
3,1460,0.012407264672219753,14.326044082641602,5e-06
3,1480,0.05707487463951111,14.326245307922363,5e-06
3,1500,0.030192559584975243,14.326457023620605,5e-06
3,1520,0.0872492641210556,14.326696395874023,5e-06
3,1540,0.08539760112762451,14.326948165893555,5e-06
3,1560,0.03920840471982956,14.327171325683594,5e-06
3,1580,0.025714557617902756,14.32742977142334,5e-06
3,1600,0.0055865454487502575,14.32766342163086,5e-06
3,1620,0.01394552830606699,14.327902793884277,5e-06
3,1640,0.04785800725221634,14.328154563903809,5e-06
3,1660,0.05728861689567566,14.328393936157227,5e-06
3,1680,0.012084582820534706,14.328575134277344,5e-06
3,1700,0.024885471910238266,14.328872680664062,5e-06
3,1720,0.042583368718624115,14.329073905944824,5e-06
3,1740,0.006062217988073826,14.329292297363281,5e-06
3,1760,0.0035228151828050613,14.329501152038574,5e-06
3,1780,0.024801600724458694,14.329767227172852,5e-06
3,1800,0.06814269721508026,14.32998275756836,5e-06
3,1820,0.013858919963240623,14.330231666564941,5e-06
3,1840,0.007788871880620718,14.330443382263184,5e-06
3,1860,0.006955121643841267,14.330662727355957,5e-06
4,20,0.004235588014125824,14.33109188079834,5e-06
4,40,0.022945668548345566,14.33135986328125,5e-06
4,60,0.02653287537395954,14.331612586975098,5e-06
4,80,0.0065895020961761475,14.331820487976074,5e-06
4,100,0.015054464340209961,14.332110404968262,5e-06
4,120,0.00305344769731164,14.332364082336426,5e-06
4,140,0.010022791102528572,14.332619667053223,5e-06
4,160,0.008792505599558353,14.332907676696777,5e-06
4,180,0.03780150040984154,14.33320140838623,5e-06
4,200,0.04143530875444412,14.333471298217773,5e-06
4,220,0.048472315073013306,14.333696365356445,5e-06
4,240,0.034063972532749176,14.333915710449219,5e-06
4,260,0.025583501905202866,14.334151268005371,5e-06
4,280,0.03660605847835541,14.334372520446777,5e-06
4,300,0.004045987501740456,14.334595680236816,5e-06
4,320,0.022182652726769447,14.334845542907715,5e-06
4,340,0.010242153890430927,14.335121154785156,5e-06
4,360,0.023779015988111496,14.335378646850586,5e-06
4,380,0.0034964766819030046,14.335599899291992,5e-06
4,400,0.009055325761437416,14.3358736038208,5e-06
4,420,0.019085125997662544,14.336177825927734,5e-06
4,440,0.05410878360271454,14.336475372314453,5e-06
4,460,0.03803088143467903,14.336758613586426,5e-06
4,480,0.006006359588354826,14.33702278137207,5e-06
4,500,0.008509285748004913,14.337285995483398,5e-06
4,520,0.0057535357773303986,14.337616920471191,5e-06
4,540,0.015493346378207207,14.337945938110352,5e-06
4,560,0.01280602440237999,14.338212013244629,5e-06
4,580,0.035908009856939316,14.338455200195312,5e-06
4,600,0.04044993221759796,14.338666915893555,5e-06
4,620,0.017185170203447342,14.338943481445312,5e-06
4,640,0.003391444217413664,14.339155197143555,5e-06
4,660,0.06837189942598343,14.339374542236328,5e-06
4,680,0.017583798617124557,14.339590072631836,5e-06
4,700,0.02612888813018799,14.339804649353027,5e-06
4,720,0.003410422708839178,14.340034484863281,5e-06
4,740,0.003547907341271639,14.340307235717773,5e-06
4,760,0.007617749273777008,14.340559959411621,5e-06
4,780,0.12271012365818024,14.340800285339355,5e-06
4,800,0.00572257861495018,14.340991973876953,5e-06
4,820,0.0016291679348796606,14.341255187988281,5e-06
4,840,0.05989692360162735,14.341480255126953,5e-06
4,860,0.024237385019659996,14.34170913696289,5e-06
4,880,0.037914425134658813,14.341927528381348,5e-06
4,900,0.007749526295810938,14.342132568359375,5e-06
4,920,0.026437733322381973,14.342375755310059,5e-06
4,940,0.005585440434515476,14.342580795288086,5e-06
4,960,0.0016564975958317518,14.34282398223877,5e-06
4,980,0.005438483320176601,14.343073844909668,5e-06
4,1000,0.008307289332151413,14.343326568603516,5e-06
4,1020,0.03635460138320923,14.343592643737793,5e-06
4,1040,0.10785694420337677,14.343839645385742,5e-06
4,1060,0.01702192984521389,14.34407901763916,5e-06
4,1080,0.020766235888004303,14.34436321258545,5e-06
4,1100,0.007931916043162346,14.344568252563477,5e-06
4,1120,0.008137444034218788,14.344758987426758,5e-06
4,1140,0.00724436342716217,14.345016479492188,5e-06
4,1160,0.038552988320589066,14.345261573791504,5e-06
4,1180,0.06350517272949219,14.345499038696289,5e-06
4,1200,0.13053220510482788,14.34570026397705,5e-06
4,1220,0.09088952094316483,14.345874786376953,5e-06
4,1240,0.033034827560186386,14.346052169799805,5e-06
4,1260,0.03428955748677254,14.346254348754883,5e-06
4,1280,0.054378729313611984,14.3464937210083,5e-06
4,1300,0.0066257985308766365,14.346771240234375,5e-06
4,1320,0.0026168623007833958,14.347041130065918,5e-06
4,1340,0.2236425280570984,14.347308158874512,5e-06
4,1360,0.0882580578327179,14.34753704071045,5e-06
4,1380,0.006929425057023764,14.347806930541992,5e-06
4,1400,0.005508992820978165,14.3480806350708,5e-06
4,1420,0.02140844613313675,14.348296165466309,5e-06
4,1440,0.028370564803481102,14.348456382751465,5e-06
4,1460,0.00593769084662199,14.34865951538086,5e-06
4,1480,0.012208638712763786,14.348942756652832,5e-06
4,1500,0.0038708820939064026,14.349212646484375,5e-06
4,1520,0.13382641971111298,14.349455833435059,5e-06
4,1540,0.010860975831747055,14.349712371826172,5e-06
4,1560,0.07133965194225311,14.34990406036377,5e-06
4,1580,0.009044351056218147,14.350123405456543,5e-06
4,1600,0.005163559690117836,14.350390434265137,5e-06
4,1620,0.0485977977514267,14.35067367553711,5e-06
4,1640,0.009469863027334213,14.350910186767578,5e-06
4,1660,0.028550270944833755,14.351125717163086,5e-06
4,1680,0.0399179644882679,14.35134506225586,5e-06
4,1700,0.09364381432533264,14.351570129394531,5e-06
4,1720,0.08902549743652344,14.35175895690918,5e-06
4,1740,0.011805970221757889,14.351953506469727,5e-06
4,1760,0.0033184774219989777,14.352234840393066,5e-06
4,1780,0.007819293066859245,14.352477073669434,5e-06
4,1800,0.0185689777135849,14.352729797363281,5e-06
4,1820,0.03300244361162186,14.352996826171875,5e-06
4,1840,0.24721215665340424,14.35319995880127,5e-06
4,1860,0.014783092774450779,14.353408813476562,5e-06
5,20,0.005892998538911343,14.353812217712402,5e-06
5,40,0.01357240416109562,14.354082107543945,5e-06
5,60,0.016902782022953033,14.354387283325195,5e-06
5,80,0.010096196085214615,14.354630470275879,5e-06
5,100,0.0037977963220328093,14.354917526245117,5e-06
5,120,0.018244639039039612,14.35519790649414,5e-06
5,140,0.010698174126446247,14.35547161102295,5e-06
5,160,0.013180609792470932,14.355728149414062,5e-06
5,180,0.0356789231300354,14.355978012084961,5e-06
5,200,0.04490470886230469,14.356245994567871,5e-06
5,220,0.0039044921286404133,14.3565092086792,5e-06
5,240,0.015167811885476112,14.356782913208008,5e-06
5,260,0.04698400944471359,14.357063293457031,5e-06
5,280,0.044821444898843765,14.357330322265625,5e-06
5,300,0.008389473892748356,14.357565879821777,5e-06
5,320,0.00952598825097084,14.357820510864258,5e-06
5,340,0.0027383826673030853,14.358099937438965,5e-06
5,360,0.0016808125656098127,14.358336448669434,5e-06
5,380,0.0669701099395752,14.358590126037598,5e-06
5,400,0.013165625743567944,14.358802795410156,5e-06
5,420,0.04003303498029709,14.3590726852417,5e-06
5,440,0.03134112432599068,14.359274864196777,5e-06
5,460,0.027536015957593918,14.35953140258789,5e-06
5,480,0.03301180526614189,14.359835624694824,5e-06
5,500,0.005648461170494556,14.360090255737305,5e-06
5,520,0.08715321123600006,14.360360145568848,5e-06
5,540,0.020673153921961784,14.360600471496582,5e-06
5,560,0.10023216158151627,14.360859870910645,5e-06
5,580,0.020430756732821465,14.361113548278809,5e-06
5,600,0.05115395039319992,14.361366271972656,5e-06
5,620,0.005309486296027899,14.36162281036377,5e-06
5,640,0.004374971613287926,14.361845970153809,5e-06
5,660,0.0028635328635573387,14.362143516540527,5e-06
5,680,0.049446169286966324,14.36240005493164,5e-06
5,700,0.017134569585323334,14.362603187561035,5e-06
5,720,0.009861265309154987,14.362855911254883,5e-06
5,740,0.003760778345167637,14.363130569458008,5e-06
5,760,0.11806216835975647,14.363414764404297,5e-06
5,780,0.0021419564727693796,14.363675117492676,5e-06
5,800,0.021120566874742508,14.363948822021484,5e-06
5,820,0.032510217279195786,14.364212989807129,5e-06
5,840,0.03464385122060776,14.364468574523926,5e-06
5,860,0.0023847301490604877,14.36473560333252,5e-06
5,880,0.04090084508061409,14.364990234375,5e-06
5,900,0.06809334456920624,14.365242958068848,5e-06
5,920,0.007875668816268444,14.365479469299316,5e-06
5,940,0.005298558622598648,14.365718841552734,5e-06
5,960,0.035279013216495514,14.36599349975586,5e-06
5,980,0.008720736019313335,14.366263389587402,5e-06
5,1000,0.01962648704648018,14.366493225097656,5e-06
5,1020,0.014556769281625748,14.366732597351074,5e-06
5,1040,0.025543853640556335,14.366986274719238,5e-06
5,1060,0.00888821855187416,14.367209434509277,5e-06
5,1080,0.018446585163474083,14.367451667785645,5e-06
5,1100,0.0018909639911726117,14.36767864227295,5e-06
5,1120,0.025600731372833252,14.367883682250977,5e-06
5,1140,0.00636670645326376,14.368120193481445,5e-06
5,1160,0.18734657764434814,14.368349075317383,5e-06
5,1180,0.056368209421634674,14.368555068969727,5e-06
5,1200,0.0861181914806366,14.368770599365234,5e-06
5,1220,0.007026209495961666,14.368990898132324,5e-06
5,1240,0.01275610737502575,14.369277954101562,5e-06
5,1260,0.06654369831085205,14.369539260864258,5e-06
5,1280,0.008187208324670792,14.36975383758545,5e-06
5,1300,0.053242094814777374,14.370038986206055,5e-06
5,1320,0.002632526447996497,14.370299339294434,5e-06
5,1340,0.05612300708889961,14.370553016662598,5e-06
5,1360,0.07152771949768066,14.370765686035156,5e-06
5,1380,0.0024727052077651024,14.371007919311523,5e-06
5,1400,0.009075084701180458,14.371254920959473,5e-06
5,1420,0.09774039685726166,14.371501922607422,5e-06
5,1440,0.0015148241072893143,14.371724128723145,5e-06
5,1460,0.025058269500732422,14.371936798095703,5e-06
5,1480,0.06278827786445618,14.372170448303223,5e-06
5,1500,0.017503933981060982,14.372376441955566,5e-06
5,1520,0.017169326543807983,14.37258529663086,5e-06
5,1540,0.005585090257227421,14.372794151306152,5e-06
5,1560,0.010532274842262268,14.373010635375977,5e-06
5,1580,0.016959048807621002,14.37321949005127,5e-06
5,1600,0.016611652448773384,14.373448371887207,5e-06
5,1620,0.014897937886416912,14.373695373535156,5e-06
5,1640,0.04474502056837082,14.373910903930664,5e-06
5,1660,0.014616024680435658,14.374136924743652,5e-06
5,1680,0.0013536124024540186,14.374300956726074,5e-06
5,1700,0.004561029840260744,14.374555587768555,5e-06
5,1720,0.007547956425696611,14.374822616577148,5e-06
5,1740,0.007306438870728016,14.375102996826172,5e-06
5,1760,0.00430679228156805,14.375373840332031,5e-06
5,1780,0.08574548363685608,14.37558650970459,5e-06
5,1800,0.002877608174458146,14.375813484191895,5e-06
5,1820,0.030945230275392532,14.376008033752441,5e-06
5,1840,0.006817605812102556,14.37621021270752,5e-06
5,1860,0.017855685204267502,14.376461029052734,5e-06
6,20,0.0036261200439184904,14.376981735229492,5e-06
6,40,0.008511241525411606,14.377253532409668,5e-06
6,60,0.007043416611850262,14.377571105957031,5e-06
6,80,0.0063118478283286095,14.3778076171875,5e-06
6,100,0.007762528490275145,14.37807559967041,5e-06
6,120,0.005046073812991381,14.37834644317627,5e-06
6,140,0.030363289639353752,14.378565788269043,5e-06
6,160,0.007354273460805416,14.378815650939941,5e-06
6,180,0.0044383881613612175,14.379042625427246,5e-06
6,200,0.005016467068344355,14.379261016845703,5e-06
6,220,0.021939437836408615,14.379531860351562,5e-06
6,240,0.008495780639350414,14.379768371582031,5e-06
6,260,0.007801355794072151,14.380005836486816,5e-06
6,280,0.0007909680716693401,14.380293846130371,5e-06
6,300,0.0036829160526394844,14.380553245544434,5e-06
6,320,0.007694285362958908,14.3808012008667,5e-06
6,340,0.008935637772083282,14.381074905395508,5e-06
6,360,0.002895824145525694,14.381332397460938,5e-06
6,380,0.002640151185914874,14.381547927856445,5e-06
6,400,0.03039654716849327,14.381760597229004,5e-06
6,420,0.0027781021781265736,14.382000923156738,5e-06
6,440,0.0496622733771801,14.382233619689941,5e-06
6,460,0.0904371589422226,14.38244342803955,5e-06
6,480,0.007836820557713509,14.38270092010498,5e-06
6,500,0.002526227617636323,14.382954597473145,5e-06
6,520,0.008290460333228111,14.383217811584473,5e-06
6,540,0.04794984310865402,14.383512496948242,5e-06
6,560,0.17251867055892944,14.383773803710938,5e-06
6,580,0.02940307930111885,14.384034156799316,5e-06
6,600,0.06334605813026428,14.384243965148926,5e-06
6,620,0.004358857404440641,14.384496688842773,5e-06
6,640,0.01291904877871275,14.38475513458252,5e-06
6,660,0.05322027951478958,14.384974479675293,5e-06
6,680,0.013436831533908844,14.385231018066406,5e-06
6,700,0.008423597551882267,14.385502815246582,5e-06
6,720,0.012097997590899467,14.38576602935791,5e-06
6,740,0.015282140113413334,14.38599967956543,5e-06
6,760,0.042865071445703506,14.386260986328125,5e-06
6,780,0.024559492245316505,14.386466026306152,5e-06
6,800,0.040890343487262726,14.38669204711914,5e-06
6,820,0.017616428434848785,14.38691234588623,5e-06
6,840,0.01702478714287281,14.387138366699219,5e-06
6,860,0.004909165669232607,14.387378692626953,5e-06
6,880,0.018079398199915886,14.387629508972168,5e-06
6,900,0.011729786172509193,14.38785171508789,5e-06
6,920,0.10860112309455872,14.388102531433105,5e-06
6,940,0.06377873569726944,14.388331413269043,5e-06
6,960,0.048004262149333954,14.3886137008667,5e-06
6,980,0.011200452223420143,14.388932228088379,5e-06
6,1000,0.005142468027770519,14.389199256896973,5e-06
6,1020,0.0019264987204223871,14.389419555664062,5e-06
6,1040,0.012132654897868633,14.389639854431152,5e-06
6,1060,0.012866415083408356,14.389906883239746,5e-06
6,1080,0.001905410666950047,14.390164375305176,5e-06
6,1100,0.007718067616224289,14.390393257141113,5e-06
6,1120,0.09618715941905975,14.390609741210938,5e-06
6,1140,0.023872878402471542,14.390850067138672,5e-06
6,1160,0.006408517248928547,14.391056060791016,5e-06
6,1180,0.0031864820048213005,14.391337394714355,5e-06
6,1200,0.024501200765371323,14.39161205291748,5e-06
6,1220,0.002773202257230878,14.391865730285645,5e-06
6,1240,0.005754639394581318,14.392123222351074,5e-06
6,1260,0.0037181787192821503,14.392346382141113,5e-06
6,1280,0.005600264761596918,14.392548561096191,5e-06
6,1300,0.007406856399029493,14.392779350280762,5e-06
6,1320,0.01060476340353489,14.3930082321167,5e-06
6,1340,0.005259478464722633,14.393206596374512,5e-06
6,1360,0.005548386834561825,14.393420219421387,5e-06
6,1380,0.0349666103720665,14.393636703491211,5e-06
6,1400,0.015771396458148956,14.393841743469238,5e-06
6,1420,0.0063505698926746845,14.39413070678711,5e-06
6,1440,0.006194934714585543,14.39443588256836,5e-06
6,1460,0.04730813205242157,14.394682884216309,5e-06
6,1480,0.051912903785705566,14.394930839538574,5e-06
6,1500,0.013690806925296783,14.395163536071777,5e-06
6,1520,0.009990277700126171,14.395423889160156,5e-06
6,1540,0.05933183431625366,14.395630836486816,5e-06
6,1560,0.029495418071746826,14.395842552185059,5e-06
6,1580,0.008777007460594177,14.396015167236328,5e-06
6,1600,0.0604180246591568,14.396255493164062,5e-06
6,1620,0.029974374920129776,14.396505355834961,5e-06
6,1640,0.008015958592295647,14.396780014038086,5e-06
6,1660,0.00984106957912445,14.39699649810791,5e-06
6,1680,0.002549121156334877,14.39723014831543,5e-06
6,1700,0.0670696422457695,14.397480964660645,5e-06
6,1720,0.003243100829422474,14.397710800170898,5e-06
6,1740,0.023621926084160805,14.397953987121582,5e-06
6,1760,0.002443520352244377,14.398170471191406,5e-06
6,1780,0.006173175293952227,14.39838695526123,5e-06
6,1800,0.017360709607601166,14.398636817932129,5e-06
6,1820,0.018458694219589233,14.39891242980957,5e-06
6,1840,0.03164041042327881,14.399187088012695,5e-06
6,1860,0.09879809617996216,14.399443626403809,5e-06
7,20,0.02444433607161045,14.399842262268066,5e-06
7,40,0.0019843161571770906,14.40004825592041,5e-06
7,60,0.010591048747301102,14.400308609008789,5e-06
7,80,0.0013740963768213987,14.400604248046875,5e-06
7,100,0.01655493676662445,14.400875091552734,5e-06
7,120,0.02539629489183426,14.401119232177734,5e-06
7,140,0.08404076099395752,14.401359558105469,5e-06
7,160,0.014383429661393166,14.401618003845215,5e-06
7,180,0.02933407947421074,14.401837348937988,5e-06
7,200,0.021701980382204056,14.402088165283203,5e-06
7,220,0.20063942670822144,14.402324676513672,5e-06
7,240,0.008068395778536797,14.402579307556152,5e-06
7,260,0.006224814802408218,14.402785301208496,5e-06
7,280,0.0037244833074510098,14.40303897857666,5e-06
7,300,0.005535083822906017,14.403297424316406,5e-06
7,320,0.0016441550105810165,14.403523445129395,5e-06
7,340,0.0033001776318997145,14.40379810333252,5e-06
7,360,0.011385256424546242,14.40408992767334,5e-06
7,380,0.024118095636367798,14.404372215270996,5e-06
7,400,0.002931649796664715,14.40463924407959,5e-06
7,420,0.0024230980779975653,14.404845237731934,5e-06
7,440,0.013917109929025173,14.405085563659668,5e-06
7,460,0.0647304579615593,14.405353546142578,5e-06
7,480,0.0028127324767410755,14.405570030212402,5e-06
7,500,0.08949992060661316,14.405845642089844,5e-06
7,520,0.01086069829761982,14.406078338623047,5e-06
7,540,0.13946010172367096,14.406328201293945,5e-06
7,560,0.01568751595914364,14.406566619873047,5e-06
7,580,0.10341279208660126,14.406778335571289,5e-06
7,600,0.001824528444558382,14.40700626373291,5e-06
7,620,0.008217229507863522,14.407232284545898,5e-06
7,640,0.013134676031768322,14.407486915588379,5e-06
7,660,0.004272148013114929,14.407696723937988,5e-06
7,680,0.0013932259753346443,14.407967567443848,5e-06
7,700,0.007091166917234659,14.408245086669922,5e-06
7,720,0.01020914874970913,14.408496856689453,5e-06
7,740,0.024819407612085342,14.408743858337402,5e-06
7,760,0.0011499857064336538,14.408973693847656,5e-06
7,780,0.001850795466452837,14.409249305725098,5e-06
7,800,0.056391097605228424,14.409500122070312,5e-06
7,820,0.003502125618979335,14.409713745117188,5e-06
7,840,0.0037434955593198538,14.409987449645996,5e-06
7,860,0.0028521441854536533,14.410282135009766,5e-06
7,880,0.00628901831805706,14.410526275634766,5e-06
7,900,0.014672727324068546,14.41073989868164,5e-06
7,920,0.003998990170657635,14.41098403930664,5e-06
7,940,0.07430557906627655,14.41120433807373,5e-06
7,960,0.037476979196071625,14.41141414642334,5e-06
7,980,0.023178167641162872,14.41168212890625,5e-06
7,1000,0.015678826719522476,14.411935806274414,5e-06
7,1020,0.0020766579546034336,14.412210464477539,5e-06
7,1040,0.004956387914717197,14.412492752075195,5e-06
7,1060,0.004920652136206627,14.412771224975586,5e-06
7,1080,0.008034639060497284,14.412994384765625,5e-06
7,1100,0.005165623500943184,14.41322135925293,5e-06
7,1120,0.0015906717162579298,14.413436889648438,5e-06
7,1140,0.002806231379508972,14.413681030273438,5e-06
7,1160,0.0021247216500341892,14.413942337036133,5e-06
7,1180,0.024706393480300903,14.414196968078613,5e-06
7,1200,0.015283131040632725,14.414475440979004,5e-06
7,1220,0.060701511800289154,14.414689064025879,5e-06
7,1240,0.002199174603447318,14.414908409118652,5e-06
7,1260,0.013256787322461605,14.415172576904297,5e-06
7,1280,0.01870507374405861,14.415447235107422,5e-06
7,1300,0.27616778016090393,14.415680885314941,5e-06
7,1320,0.002206955337896943,14.415935516357422,5e-06
7,1340,0.014841219410300255,14.416218757629395,5e-06
7,1360,0.05088016390800476,14.416482925415039,5e-06
7,1380,0.036792345345020294,14.416757583618164,5e-06
7,1400,0.006723002530634403,14.417022705078125,5e-06
7,1420,0.0053316755220294,14.41729736328125,5e-06
7,1440,0.008502326905727386,14.417569160461426,5e-06
7,1460,0.012153979390859604,14.417850494384766,5e-06
7,1480,0.018708381801843643,14.41813850402832,5e-06
7,1500,0.003597200382500887,14.418362617492676,5e-06
7,1520,0.009817872196435928,14.418586730957031,5e-06
7,1540,0.0019393399124965072,14.4188232421875,5e-06
7,1560,0.021679051220417023,14.419036865234375,5e-06
7,1580,0.01739555038511753,14.419236183166504,5e-06
7,1600,0.015239633619785309,14.419452667236328,5e-06
7,1620,0.0166177898645401,14.419682502746582,5e-06
7,1640,0.0028172272723168135,14.419930458068848,5e-06
7,1660,0.025132788345217705,14.420198440551758,5e-06
7,1680,0.07296748459339142,14.420439720153809,5e-06
7,1700,0.04125193506479263,14.420648574829102,5e-06
7,1720,0.030236132442951202,14.420886039733887,5e-06
7,1740,0.005256566219031811,14.421127319335938,5e-06
7,1760,0.014460723847150803,14.421387672424316,5e-06
7,1780,0.0022512967698276043,14.42159366607666,5e-06
7,1800,0.005544869229197502,14.421865463256836,5e-06
7,1820,0.1577233076095581,14.422123908996582,5e-06
7,1840,0.05845079571008682,14.422369003295898,5e-06
7,1860,0.008500778116285801,14.422615051269531,5e-06
8,20,0.004257149063050747,14.42299747467041,5e-06
8,40,0.0014776475727558136,14.423224449157715,5e-06
8,60,0.04234549403190613,14.423444747924805,5e-06
8,80,0.020603634417057037,14.423660278320312,5e-06
8,100,0.006796275731176138,14.423873901367188,5e-06
8,120,0.019371287897229195,14.4241361618042,5e-06
8,140,0.04652811959385872,14.42444133758545,5e-06
8,160,0.029058679938316345,14.424707412719727,5e-06
8,180,0.0012407498434185982,14.424981117248535,5e-06
8,200,0.005715213716030121,14.425273895263672,5e-06
8,220,0.0010089047718793154,14.425549507141113,5e-06
8,240,0.01825093850493431,14.425803184509277,5e-06
8,260,0.030473742634058,14.426064491271973,5e-06
8,280,0.011040051467716694,14.426268577575684,5e-06
8,300,0.07039432227611542,14.426491737365723,5e-06
8,320,0.004104837775230408,14.426712036132812,5e-06
8,340,0.003755653742700815,14.426928520202637,5e-06
8,360,0.023347841575741768,14.427203178405762,5e-06
8,380,0.0041814399883151054,14.427461624145508,5e-06
8,400,0.05232281982898712,14.427733421325684,5e-06
8,420,0.011182516813278198,14.42800521850586,5e-06
8,440,0.0030428562313318253,14.4282808303833,5e-06
8,460,0.03871748596429825,14.428572654724121,5e-06
8,480,0.0020608087070286274,14.42879581451416,5e-06
8,500,0.001446334645152092,14.429075241088867,5e-06
8,520,0.009206807240843773,14.429315567016602,5e-06
8,540,0.009216111153364182,14.429580688476562,5e-06
8,560,0.025941332802176476,14.429797172546387,5e-06
8,580,0.07141461968421936,14.430038452148438,5e-06
8,600,0.018105249851942062,14.430310249328613,5e-06
8,620,0.15288463234901428,14.430540084838867,5e-06
8,640,0.009279061108827591,14.430788040161133,5e-06
8,660,0.002218383364379406,14.431063652038574,5e-06
8,680,0.0165871512144804,14.431331634521484,5e-06
8,700,0.04957030713558197,14.431572914123535,5e-06
8,720,0.0029372721910476685,14.4318208694458,5e-06
8,740,0.0014408770948648453,14.432040214538574,5e-06
8,760,0.04169192165136337,14.432260513305664,5e-06
8,780,0.010807543992996216,14.432494163513184,5e-06
8,800,0.006019368767738342,14.43276309967041,5e-06
8,820,0.0038725200574845076,14.433021545410156,5e-06
8,840,0.0029265666380524635,14.433276176452637,5e-06
8,860,0.002745162695646286,14.433547973632812,5e-06
8,880,0.02351316809654236,14.433826446533203,5e-06
8,900,0.018473122268915176,14.434033393859863,5e-06
8,920,0.0017612306401133537,14.434290885925293,5e-06
8,940,0.004335390403866768,14.434524536132812,5e-06
8,960,0.009616883471608162,14.43478012084961,5e-06
8,980,0.0011734990403056145,14.435028076171875,5e-06
8,1000,0.028901338577270508,14.435303688049316,5e-06
8,1020,0.009231369011104107,14.43555736541748,5e-06
8,1040,0.0013931570574641228,14.435805320739746,5e-06
8,1060,0.056492872536182404,14.436015129089355,5e-06
8,1080,0.021045921370387077,14.436236381530762,5e-06
8,1100,0.001627333927899599,14.43642807006836,5e-06
8,1120,0.0018762730760499835,14.436689376831055,5e-06
8,1140,0.018841201439499855,14.436964988708496,5e-06
8,1160,0.11904352158308029,14.437206268310547,5e-06
8,1180,0.029746737331151962,14.437446594238281,5e-06
8,1200,0.032015178352594376,14.437722206115723,5e-06
8,1220,0.0064121270552277565,14.437947273254395,5e-06
8,1240,0.005378655157983303,14.438158988952637,5e-06
8,1260,0.04498311132192612,14.438425064086914,5e-06
8,1280,0.0030570048838853836,14.438666343688965,5e-06
8,1300,0.0050834594294428825,14.438982009887695,5e-06
8,1320,0.00360866729170084,14.439254760742188,5e-06
8,1340,0.002350715920329094,14.439526557922363,5e-06
8,1360,0.0018718717619776726,14.439778327941895,5e-06
8,1380,0.003282918594777584,14.440067291259766,5e-06
8,1400,0.0027498553972691298,14.440342903137207,5e-06
8,1420,0.002180237788707018,14.440618515014648,5e-06
8,1440,0.010196292772889137,14.440886497497559,5e-06
8,1460,0.021688591688871384,14.441162109375,5e-06
8,1480,0.015440410003066063,14.441378593444824,5e-06
8,1500,0.0014228137442842126,14.441650390625,5e-06
8,1520,0.0270119346678257,14.44188404083252,5e-06
8,1540,0.1129106730222702,14.442153930664062,5e-06
8,1560,0.005465322639793158,14.442394256591797,5e-06
8,1580,0.006289598532021046,14.442628860473633,5e-06
8,1600,0.005118933506309986,14.442828178405762,5e-06
8,1620,0.00408923951908946,14.443073272705078,5e-06
8,1640,0.007704877760261297,14.443313598632812,5e-06
8,1660,0.02942969650030136,14.443548202514648,5e-06
8,1680,0.01586618646979332,14.443843841552734,5e-06
8,1700,0.0035300832241773605,14.444123268127441,5e-06
8,1720,0.0303737074136734,14.444347381591797,5e-06
8,1740,0.005208941176533699,14.444598197937012,5e-06
8,1760,0.007355905137956142,14.444831848144531,5e-06
8,1780,0.0014074011705815792,14.445053100585938,5e-06
8,1800,0.0018613676074892282,14.445310592651367,5e-06
8,1820,0.008596814237535,14.445579528808594,5e-06
8,1840,0.003407638520002365,14.44586181640625,5e-06
8,1860,0.012246111407876015,14.446162223815918,5e-06
9,20,0.004512418992817402,14.446599960327148,5e-06
9,40,0.005170807708054781,14.446871757507324,5e-06
9,60,0.03668506070971489,14.44710636138916,5e-06
9,80,0.014435462653636932,14.447336196899414,5e-06
9,100,0.004359503276646137,14.447601318359375,5e-06
9,120,0.0028888529632240534,14.447874069213867,5e-06
9,140,0.0011711886618286371,14.448149681091309,5e-06
9,160,0.0019163147080689669,14.448421478271484,5e-06
9,180,0.00529834721237421,14.44870662689209,5e-06
9,200,0.014688306488096714,14.449013710021973,5e-06
9,220,0.011943149380385876,14.449261665344238,5e-06
9,240,0.014060824178159237,14.449479103088379,5e-06
9,260,0.00194301619194448,14.449737548828125,5e-06
9,280,0.029755912721157074,14.450040817260742,5e-06
9,300,0.0088520348072052,14.450292587280273,5e-06
9,320,0.005373850464820862,14.450571060180664,5e-06
9,340,0.0006194992456585169,14.450826644897461,5e-06
9,360,0.013520020060241222,14.451087951660156,5e-06
9,380,0.043162766844034195,14.451319694519043,5e-06
9,400,0.0259605273604393,14.451529502868652,5e-06
9,420,0.0025458023883402348,14.451764106750488,5e-06
9,440,0.0034980750642716885,14.45205307006836,5e-06
9,460,0.0019100774079561234,14.4523286819458,5e-06
9,480,0.04858684167265892,14.45256233215332,5e-06
9,500,0.005121814087033272,14.45279312133789,5e-06
9,520,0.012856503948569298,14.453038215637207,5e-06
9,540,0.012820320203900337,14.453317642211914,5e-06
9,560,0.002279844367876649,14.45356559753418,5e-06
9,580,0.002256821608170867,14.453824043273926,5e-06
9,600,0.0009735441999509931,14.454051971435547,5e-06
9,620,0.06652083992958069,14.454293251037598,5e-06
9,640,0.001021834323182702,14.454523086547852,5e-06
9,660,0.0014746109955012798,14.454813003540039,5e-06
9,680,0.002038999693468213,14.45505428314209,5e-06
9,700,0.010764775797724724,14.455291748046875,5e-06
9,720,0.0017400069627910852,14.455567359924316,5e-06
9,740,0.005824711173772812,14.455801963806152,5e-06
9,760,0.0021342304535210133,14.456011772155762,5e-06
9,780,0.008507180027663708,14.456209182739258,5e-06
9,800,0.00696016987785697,14.456426620483398,5e-06
9,820,0.010572296567261219,14.456729888916016,5e-06
9,840,0.018274307250976562,14.457001686096191,5e-06
9,860,0.015291185118258,14.457208633422852,5e-06
9,880,0.031826362013816833,14.457435607910156,5e-06
9,900,0.009692462161183357,14.457680702209473,5e-06
9,920,0.006334669888019562,14.457932472229004,5e-06
9,940,0.01058625616133213,14.458183288574219,5e-06
9,960,0.0699615329504013,14.45844841003418,5e-06
9,980,0.0010682748397812247,14.45866584777832,5e-06
9,1000,0.0026545501314103603,14.458938598632812,5e-06
9,1020,0.0017658267170190811,14.45923137664795,5e-06
9,1040,0.008717896416783333,14.459455490112305,5e-06
9,1060,0.0038940091617405415,14.459704399108887,5e-06
9,1080,0.0045835115015506744,14.459945678710938,5e-06
9,1100,0.0021614632569253445,14.460222244262695,5e-06
9,1120,0.0015876017278060317,14.46047592163086,5e-06
9,1140,0.011929688975214958,14.460748672485352,5e-06
9,1160,0.004363860934972763,14.461021423339844,5e-06
9,1180,0.0017864934634417295,14.461276054382324,5e-06
9,1200,0.005675479769706726,14.46152400970459,5e-06
9,1220,0.03205195069313049,14.461783409118652,5e-06
9,1240,0.01644047722220421,14.462045669555664,5e-06
9,1260,0.003776326309889555,14.46229362487793,5e-06
9,1280,0.004899294581264257,14.462566375732422,5e-06
9,1300,0.0071654850617051125,14.462855339050293,5e-06
9,1320,0.01599910296499729,14.46312427520752,5e-06
9,1340,0.010568223893642426,14.463403701782227,5e-06
9,1360,0.11443338543176651,14.463680267333984,5e-06
9,1380,0.011097278445959091,14.463934898376465,5e-06
9,1400,0.002614992205053568,14.464176177978516,5e-06
9,1420,0.00420454703271389,14.464417457580566,5e-06
9,1440,0.002955842763185501,14.464686393737793,5e-06
9,1460,0.059006549417972565,14.464973449707031,5e-06
9,1480,0.00278303911909461,14.465238571166992,5e-06
9,1500,0.0010968702845275402,14.465458869934082,5e-06
9,1520,0.006789891980588436,14.465682983398438,5e-06
9,1540,0.0027062897570431232,14.46590805053711,5e-06
9,1560,0.023490257561206818,14.46617317199707,5e-06
9,1580,0.003345118835568428,14.466397285461426,5e-06
9,1600,0.013199986889958382,14.466672897338867,5e-06
9,1620,0.0013498681364580989,14.466907501220703,5e-06
9,1640,0.011172585189342499,14.467144966125488,5e-06
9,1660,0.006903212051838636,14.467366218566895,5e-06
9,1680,0.0564209446310997,14.467628479003906,5e-06
9,1700,0.01528453454375267,14.467904090881348,5e-06
9,1720,0.10899779945611954,14.468184471130371,5e-06
9,1740,0.10879108309745789,14.468449592590332,5e-06
9,1760,0.022823184728622437,14.468680381774902,5e-06
9,1780,0.0023026284761726856,14.468908309936523,5e-06
9,1800,0.02105703204870224,14.469139099121094,5e-06
9,1820,0.001277141273021698,14.469398498535156,5e-06
9,1840,0.004250524565577507,14.469674110412598,5e-06
9,1860,0.0725044384598732,14.469922065734863,5e-06
10,20,0.004992718808352947,14.470388412475586,5e-06
10,40,0.004361915867775679,14.470654487609863,5e-06
10,60,0.0023758946917951107,14.47093391418457,5e-06
10,80,0.0008809486753307283,14.471208572387695,5e-06
10,100,0.005144262686371803,14.471488952636719,5e-06
10,120,0.015820294618606567,14.47175407409668,5e-06
10,140,0.010487588122487068,14.47197151184082,5e-06
10,160,0.006632535718381405,14.472196578979492,5e-06
10,180,0.001665838761255145,14.472447395324707,5e-06
10,200,0.0016511420253664255,14.472710609436035,5e-06
10,220,0.005192922428250313,14.472945213317871,5e-06
10,240,0.0071649253368377686,14.473207473754883,5e-06
10,260,0.09021040052175522,14.473483085632324,5e-06
10,280,0.0036812881007790565,14.473759651184082,5e-06
10,300,0.008642996661365032,14.474000930786133,5e-06
10,320,0.01762392185628414,14.474305152893066,5e-06
10,340,0.017269369214773178,14.474543571472168,5e-06
10,360,0.04394137114286423,14.474757194519043,5e-06
10,380,0.0024327635765075684,14.474991798400879,5e-06
10,400,0.001758515601977706,14.475264549255371,5e-06
10,420,0.0009240573272109032,14.475522994995117,5e-06
10,440,0.0015418115071952343,14.475768089294434,5e-06
10,460,0.014187835156917572,14.476022720336914,5e-06
10,480,0.00464310497045517,14.476292610168457,5e-06
10,500,0.007057777140289545,14.476536750793457,5e-06
10,520,0.005498277954757214,14.476781845092773,5e-06
10,540,0.0009584086365066469,14.477030754089355,5e-06
10,560,0.0013399660820141435,14.477289199829102,5e-06
10,580,0.009147673845291138,14.477559089660645,5e-06
10,600,0.0011736613232642412,14.47780704498291,5e-06
10,620,0.00514235720038414,14.478087425231934,5e-06
10,640,0.032636627554893494,14.47830867767334,5e-06
10,660,0.001845457125455141,14.47852897644043,5e-06
10,680,0.0024604680947959423,14.47874641418457,5e-06
10,700,0.004296362400054932,14.479008674621582,5e-06
10,720,0.001595223555341363,14.479257583618164,5e-06
10,740,0.015701618045568466,14.479475021362305,5e-06
10,760,0.0018508959328755736,14.479747772216797,5e-06
10,780,0.04221931844949722,14.48004150390625,5e-06
10,800,0.00258296518586576,14.480328559875488,5e-06
10,820,0.00158287538215518,14.480559349060059,5e-06
10,840,0.0026088710874319077,14.480786323547363,5e-06
10,860,0.00450747599825263,14.481039047241211,5e-06
10,880,0.001797741511836648,14.481311798095703,5e-06
10,900,0.0011901557445526123,14.48159408569336,5e-06
10,920,0.002658550161868334,14.481819152832031,5e-06
10,940,0.0036941571161150932,14.482044219970703,5e-06
10,960,0.004747196100652218,14.482306480407715,5e-06
10,980,0.001716146944090724,14.482513427734375,5e-06
10,1000,0.004892235621809959,14.482744216918945,5e-06
10,1020,0.006915315520018339,14.482969284057617,5e-06
10,1040,0.008449163287878036,14.483222007751465,5e-06
10,1060,0.007837774232029915,14.4834566116333,5e-06
10,1080,0.019043313339352608,14.483715057373047,5e-06
10,1100,0.006387751549482346,14.483991622924805,5e-06
10,1120,0.002966680098325014,14.484222412109375,5e-06
10,1140,0.0036866208538413048,14.484495162963867,5e-06
10,1160,0.002222465816885233,14.48475456237793,5e-06
10,1180,0.09141033887863159,14.485024452209473,5e-06
10,1200,0.003793705254793167,14.485297203063965,5e-06
10,1220,0.02012277953326702,14.48554801940918,5e-06
10,1240,0.0023333621211349964,14.485824584960938,5e-06
10,1260,0.0037076626904308796,14.48607063293457,5e-06
10,1280,0.027491915971040726,14.486346244812012,5e-06
10,1300,0.008504611440002918,14.486592292785645,5e-06
10,1320,0.026937099173665047,14.486861228942871,5e-06
10,1340,0.0016779410652816296,14.487099647521973,5e-06
10,1360,0.10348507016897202,14.487351417541504,5e-06
10,1380,0.005519314669072628,14.48757266998291,5e-06
10,1400,0.0014007543213665485,14.487841606140137,5e-06
10,1420,0.0014902438269928098,14.488128662109375,5e-06
10,1440,0.03387856483459473,14.488384246826172,5e-06
10,1460,0.0011012079194188118,14.488615036010742,5e-06
10,1480,0.008147066459059715,14.488847732543945,5e-06
10,1500,0.0034905478823930025,14.48906135559082,5e-06
10,1520,0.05221270024776459,14.48928165435791,5e-06
10,1540,0.005443991627544165,14.489545822143555,5e-06
10,1560,0.04791877418756485,14.489824295043945,5e-06
10,1580,0.03162781521677971,14.490087509155273,5e-06
10,1600,0.024316798895597458,14.490335464477539,5e-06
10,1620,0.0028677331283688545,14.490560531616211,5e-06
10,1640,0.0008763717487454414,14.490864753723145,5e-06
10,1660,0.0013213596539571881,14.491113662719727,5e-06
10,1680,0.004541986621916294,14.491389274597168,5e-06
10,1700,0.011940525844693184,14.491683959960938,5e-06
10,1720,0.0015940500888973475,14.49194622039795,5e-06
10,1740,0.02800651267170906,14.492191314697266,5e-06
10,1760,0.16885989904403687,14.492419242858887,5e-06
10,1780,0.03356952965259552,14.492626190185547,5e-06
10,1800,0.002642370294779539,14.492920875549316,5e-06
10,1820,0.028616059571504593,14.493193626403809,5e-06
10,1840,0.01602926477789879,14.49345588684082,5e-06
10,1860,0.0013308804482221603,14.493732452392578,5e-06
11,20,0.002657856559380889,14.49416732788086,5e-06
11,40,0.00759280938655138,14.494420051574707,5e-06
11,60,0.024101823568344116,14.494645118713379,5e-06
11,80,0.0026110769249498844,14.49486255645752,5e-06
11,100,0.006526714190840721,14.49509048461914,5e-06
11,120,0.004532031249254942,14.495328903198242,5e-06
11,140,0.0008553813677281141,14.495588302612305,5e-06
11,160,0.031311530619859695,14.495847702026367,5e-06
11,180,0.004528784658759832,14.496123313903809,5e-06
11,200,0.0008640444721095264,14.496365547180176,5e-06
11,220,0.0016092972364276648,14.49663257598877,5e-06
11,240,0.008439449593424797,14.496902465820312,5e-06
11,260,0.0020110243931412697,14.497137069702148,5e-06
11,280,0.014207393862307072,14.4973783493042,5e-06
11,300,0.008556528016924858,14.497661590576172,5e-06
11,320,0.0032987461891025305,14.497897148132324,5e-06
11,340,0.007625933736562729,14.4981050491333,5e-06
11,360,0.0015390613116323948,14.498353958129883,5e-06
11,380,0.04080886393785477,14.498605728149414,5e-06
11,400,0.0021571465767920017,14.498865127563477,5e-06
11,420,0.00350849237293005,14.499120712280273,5e-06
11,440,0.0017179746646434069,14.49938678741455,5e-06
11,460,0.0016559709329158068,14.499621391296387,5e-06
11,480,0.012126230634748936,14.499835968017578,5e-06
11,500,0.002566879615187645,14.500068664550781,5e-06
11,520,0.0019474220462143421,14.500271797180176,5e-06
11,540,0.01610078476369381,14.500486373901367,5e-06
11,560,0.002770658116787672,14.500728607177734,5e-06
11,580,0.005200373008847237,14.501005172729492,5e-06
11,600,0.007856574840843678,14.501280784606934,5e-06
11,620,0.0012622037902474403,14.501529693603516,5e-06
11,640,0.0074697621166706085,14.501748085021973,5e-06
11,660,0.00744456984102726,14.501982688903809,5e-06
11,680,0.0009133947314694524,14.502270698547363,5e-06
11,700,0.005125731695443392,14.50251579284668,5e-06
11,720,0.0009060722659341991,14.502771377563477,5e-06
11,740,0.06563612073659897,14.503045082092285,5e-06
11,760,0.0028248815797269344,14.503283500671387,5e-06
11,780,0.010806715115904808,14.503560066223145,5e-06
11,800,0.0019659053068608046,14.503805160522461,5e-06
11,820,0.007372629828751087,14.504047393798828,5e-06
11,840,0.003973294515162706,14.504321098327637,5e-06
11,860,0.0028645098209381104,14.504576683044434,5e-06
11,880,0.004677578341215849,14.504842758178711,5e-06
11,900,0.0008027991279959679,14.505091667175293,5e-06
11,920,0.008885679766535759,14.505326271057129,5e-06
11,940,0.1254042387008667,14.505606651306152,5e-06
11,960,0.0021127648651599884,14.50585651397705,5e-06
11,980,0.18696385622024536,14.506063461303711,5e-06
11,1000,0.1614421308040619,14.50634765625,5e-06
11,1020,0.05427312105894089,14.506617546081543,5e-06
11,1040,0.005384400952607393,14.50688362121582,5e-06
11,1060,0.0017382355872541666,14.50710391998291,5e-06
11,1080,0.010514771565794945,14.507353782653809,5e-06
11,1100,0.00420327577739954,14.50759220123291,5e-06
11,1120,0.0015198029577732086,14.507824897766113,5e-06
11,1140,0.020936502143740654,14.50809383392334,5e-06
11,1160,0.0016625045100226998,14.508363723754883,5e-06
11,1180,0.0018887901678681374,14.508633613586426,5e-06
11,1200,0.0014388496056199074,14.508889198303223,5e-06
11,1220,0.0019345683977007866,14.509086608886719,5e-06
11,1240,0.00776355154812336,14.509336471557617,5e-06
11,1260,0.004867991432547569,14.509612083435059,5e-06
11,1280,0.040074773132801056,14.509888648986816,5e-06
11,1300,0.08398143947124481,14.510162353515625,5e-06
11,1320,0.01990649104118347,14.510432243347168,5e-06
11,1340,0.011349791660904884,14.51067066192627,5e-06
11,1360,0.0015845574671402574,14.510909080505371,5e-06
11,1380,0.0018439069390296936,14.511176109313965,5e-06
11,1400,0.003174163168296218,14.511421203613281,5e-06
11,1420,0.0016242205165326595,14.511635780334473,5e-06
11,1440,0.004349605180323124,14.51188850402832,5e-06
11,1460,0.004239857196807861,14.512166023254395,5e-06
11,1480,0.09263258427381516,14.512435913085938,5e-06
11,1500,0.016828469932079315,14.512691497802734,5e-06
11,1520,0.0966481864452362,14.512944221496582,5e-06
11,1540,0.01600676029920578,14.513169288635254,5e-06
11,1560,0.0012559315655380487,14.513439178466797,5e-06
11,1580,0.005273071117699146,14.513714790344238,5e-06
11,1600,0.019830096513032913,14.513971328735352,5e-06
11,1620,0.011809843592345715,14.514190673828125,5e-06
11,1640,0.009547421708703041,14.514470100402832,5e-06
11,1660,0.0005811286391690373,14.514710426330566,5e-06
11,1680,0.11604373902082443,14.514979362487793,5e-06
11,1700,0.002909995848312974,14.51522445678711,5e-06
11,1720,0.0034588684793561697,14.515501976013184,5e-06
11,1740,0.0027645977679640055,14.515806198120117,5e-06
11,1760,0.0021756945643574,14.51611042022705,5e-06
11,1780,0.007301374338567257,14.5164155960083,5e-06
11,1800,0.015025006607174873,14.51671314239502,5e-06
11,1820,0.006956602446734905,14.516955375671387,5e-06
11,1840,0.007633167318999767,14.517231941223145,5e-06
11,1860,0.0012832933571189642,14.517485618591309,5e-06
12,20,0.001022279728204012,14.51789665222168,5e-06
12,40,0.0009324075072072446,14.518163681030273,5e-06
12,60,0.005198577884584665,14.518433570861816,5e-06
12,80,0.012968357652425766,14.518682479858398,5e-06
12,100,0.001191226881928742,14.518938064575195,5e-06
12,120,0.012644901871681213,14.519209861755371,5e-06
12,140,0.05474346876144409,14.519448280334473,5e-06
12,160,0.009336206130683422,14.519640922546387,5e-06
12,180,0.055208999663591385,14.519914627075195,5e-06
12,200,0.013777514919638634,14.520181655883789,5e-06
12,220,0.06454265862703323,14.520442008972168,5e-06
12,240,0.013497939333319664,14.520689964294434,5e-06
12,260,0.07064758986234665,14.520904541015625,5e-06
12,280,0.047840945422649384,14.521141052246094,5e-06
12,300,0.0022852751426398754,14.52134895324707,5e-06
12,320,0.002310289302840829,14.52155590057373,5e-06
12,340,0.11141406744718552,14.521808624267578,5e-06
12,360,0.009785084053874016,14.522006034851074,5e-06
12,380,0.0011629918590188026,14.522220611572266,5e-06
12,400,0.0022382037714123726,14.522411346435547,5e-06
12,420,0.005071844905614853,14.5226469039917,5e-06
12,440,0.0021059424616396427,14.522920608520508,5e-06
12,460,0.006247024983167648,14.523198127746582,5e-06
12,480,0.001582327764481306,14.523491859436035,5e-06
12,500,0.0011787214316427708,14.523775100708008,5e-06
12,520,0.0582379475235939,14.524055480957031,5e-06
12,540,0.0016259653493762016,14.524287223815918,5e-06
12,560,0.0036578450817614794,14.524519920349121,5e-06
12,580,0.011900626122951508,14.524738311767578,5e-06
12,600,0.018455231562256813,14.524983406066895,5e-06
12,620,0.02228960022330284,14.525237083435059,5e-06
12,640,0.0034639742225408554,14.525510787963867,5e-06
12,660,0.047841090708971024,14.525745391845703,5e-06
12,680,0.003195358207449317,14.525995254516602,5e-06
12,700,0.0010915574384853244,14.526265144348145,5e-06
12,720,0.0450768806040287,14.526500701904297,5e-06
12,740,0.029884405434131622,14.526750564575195,5e-06
12,760,0.004486204124987125,14.527009963989258,5e-06
12,780,0.002305758185684681,14.527294158935547,5e-06
12,800,0.0009825527667999268,14.527575492858887,5e-06
12,820,0.031361136585474014,14.527810096740723,5e-06
12,840,0.0011639369186013937,14.528032302856445,5e-06
12,860,0.011732337065041065,14.5282564163208,5e-06
12,880,0.001430631848052144,14.528488159179688,5e-06
12,900,0.10088051110506058,14.52871036529541,5e-06
12,920,0.0051460303366184235,14.528922080993652,5e-06
12,940,0.0016746341716498137,14.52916431427002,5e-06
12,960,0.01552118081599474,14.529406547546387,5e-06
12,980,0.005778094753623009,14.529677391052246,5e-06
12,1000,0.0035477697383612394,14.529943466186523,5e-06
12,1020,0.0015158981550484896,14.53018569946289,5e-06
12,1040,0.002881294582039118,14.530428886413574,5e-06
12,1060,0.03186040371656418,14.530706405639648,5e-06
12,1080,0.0439450666308403,14.530986785888672,5e-06
12,1100,0.003958343993872404,14.531214714050293,5e-06
12,1120,0.0014346326934173703,14.531481742858887,5e-06
12,1140,0.011023864150047302,14.531763076782227,5e-06
12,1160,0.0045880889520049095,14.532036781311035,5e-06
12,1180,0.011723151430487633,14.532299041748047,5e-06
12,1200,0.00452464958652854,14.532556533813477,5e-06
12,1220,0.00470828078687191,14.53283405303955,5e-06
12,1240,0.0027887860778719187,14.53310775756836,5e-06
12,1260,0.003003100398927927,14.533370018005371,5e-06
12,1280,0.005259606521576643,14.533623695373535,5e-06
12,1300,0.0012091770768165588,14.533918380737305,5e-06
12,1320,0.002285765716806054,14.534219741821289,5e-06
12,1340,0.004651036113500595,14.534506797790527,5e-06
12,1360,0.01044199988245964,14.534784317016602,5e-06
12,1380,0.0013771444791927934,14.535061836242676,5e-06
12,1400,0.00351448031142354,14.535293579101562,5e-06
12,1420,0.01709665358066559,14.535571098327637,5e-06
12,1440,0.0011042614933103323,14.535799980163574,5e-06
12,1460,0.02854931354522705,14.536027908325195,5e-06
12,1480,0.005409307777881622,14.536298751831055,5e-06
12,1500,0.03469564765691757,14.536576271057129,5e-06
12,1520,0.0027896061073988676,14.536831855773926,5e-06
12,1540,0.0016647741431370378,14.537081718444824,5e-06
12,1560,0.0019787647761404514,14.537359237670898,5e-06
12,1580,0.0127731803804636,14.537598609924316,5e-06
12,1600,0.0015342822298407555,14.537817001342773,5e-06
12,1620,0.001116270781494677,14.538066864013672,5e-06
12,1640,0.008960223756730556,14.538311958312988,5e-06
12,1660,0.0038935020565986633,14.538540840148926,5e-06
12,1680,0.05085375905036926,14.538797378540039,5e-06
12,1700,0.0016134984325617552,14.539030075073242,5e-06
12,1720,0.002417908515781164,14.539307594299316,5e-06
12,1740,0.0017539365217089653,14.539525032043457,5e-06
12,1760,0.0066639743745327,14.539782524108887,5e-06
12,1780,0.00194593018386513,14.540069580078125,5e-06
12,1800,0.003258358919993043,14.54035758972168,5e-06
12,1820,0.04152829200029373,14.540631294250488,5e-06
12,1840,0.006570453755557537,14.540887832641602,5e-06
12,1860,0.00502126757055521,14.541165351867676,5e-06
13,20,0.001398247666656971,14.54160213470459,5e-06
13,40,0.006417242344468832,14.541817665100098,5e-06
13,60,0.007432791870087385,14.542084693908691,5e-06
13,80,0.004351386800408363,14.542344093322754,5e-06
13,100,0.0012055346742272377,14.542572975158691,5e-06
13,120,0.00388326239772141,14.542805671691895,5e-06
13,140,0.0028505921363830566,14.543037414550781,5e-06
13,160,0.008415518328547478,14.54329776763916,5e-06
13,180,0.004053568467497826,14.543546676635742,5e-06
13,200,0.001135034253820777,14.543824195861816,5e-06
13,220,0.042942699044942856,14.544095039367676,5e-06
13,240,0.009817393496632576,14.544361114501953,5e-06
13,260,0.001093066530302167,14.544608116149902,5e-06
13,280,0.0007624448044225574,14.54485034942627,5e-06
13,300,0.002381538040935993,14.545089721679688,5e-06
13,320,0.09149570018053055,14.545347213745117,5e-06
13,340,0.0012733786134049296,14.545602798461914,5e-06
13,360,0.007380988914519548,14.545852661132812,5e-06
13,380,0.007997920736670494,14.546131134033203,5e-06
13,400,0.0012214295566082,14.546419143676758,5e-06
13,420,0.05165562406182289,14.546650886535645,5e-06
13,440,0.02759907767176628,14.546911239624023,5e-06
13,460,0.0028477890882641077,14.547181129455566,5e-06
13,480,0.0033705560490489006,14.547454833984375,5e-06
13,500,0.03979460522532463,14.547719955444336,5e-06
13,520,0.014574361965060234,14.547971725463867,5e-06
13,540,0.0011824327521026134,14.548250198364258,5e-06
13,560,0.10029830038547516,14.5485200881958,5e-06
13,580,0.0007429987890645862,14.54880142211914,5e-06
13,600,0.004044684581458569,14.549064636230469,5e-06
13,620,0.010150373913347721,14.549304008483887,5e-06
13,640,0.0010585992131382227,14.54957103729248,5e-06
13,660,0.001188824768178165,14.549797058105469,5e-06
13,680,0.012277387082576752,14.550008773803711,5e-06
13,700,0.002426196588203311,14.55029010772705,5e-06
13,720,0.0004991850000806153,14.55056381225586,5e-06
13,740,0.0056996759958565235,14.550840377807617,5e-06
13,760,0.009461875073611736,14.551115036010742,5e-06
13,780,0.0023155391681939363,14.551347732543945,5e-06
13,800,0.0016157678328454494,14.551608085632324,5e-06
13,820,0.00497091468423605,14.551843643188477,5e-06
13,840,0.0027216896414756775,14.552023887634277,5e-06
13,860,0.011117239482700825,14.552273750305176,5e-06
13,880,0.0043809302151203156,14.552562713623047,5e-06
13,900,0.0037097022868692875,14.55285358428955,5e-06
13,920,0.0044135660864412785,14.553099632263184,5e-06
13,940,0.001004383317194879,14.553350448608398,5e-06
13,960,0.002928375266492367,14.553641319274902,5e-06
13,980,0.02830887958407402,14.553887367248535,5e-06
13,1000,0.003823253558948636,14.554102897644043,5e-06
13,1020,0.002236319240182638,14.554351806640625,5e-06
13,1040,0.021379541605710983,14.554616928100586,5e-06
13,1060,0.0038951158057898283,14.554852485656738,5e-06
13,1080,0.009495233185589314,14.55507755279541,5e-06
13,1100,0.0005795459728688002,14.555334091186523,5e-06
13,1120,0.0033257261384278536,14.555612564086914,5e-06
13,1140,0.0024906639009714127,14.55579662322998,5e-06
13,1160,0.02014291100203991,14.556004524230957,5e-06
13,1180,0.0045821573585271835,14.55626106262207,5e-06
13,1200,0.0011356363538652658,14.556538581848145,5e-06
13,1220,0.0026029949076473713,14.556816101074219,5e-06
13,1240,0.000669499859213829,14.557083129882812,5e-06
13,1260,0.00929905567318201,14.557318687438965,5e-06
13,1280,0.0014152084477245808,14.557528495788574,5e-06
13,1300,0.03565734252333641,14.557785034179688,5e-06
13,1320,0.014378869906067848,14.5580415725708,5e-06
13,1340,0.0017036700155586004,14.558259963989258,5e-06
13,1360,0.009388960897922516,14.5584716796875,5e-06
13,1380,0.07274099439382553,14.558693885803223,5e-06
13,1400,0.0025170431472361088,14.55892276763916,5e-06
13,1420,0.0016608270816504955,14.559196472167969,5e-06
13,1440,0.000874431396368891,14.55945110321045,5e-06
13,1460,0.1025029718875885,14.55966567993164,5e-06
13,1480,0.006446666084229946,14.559916496276855,5e-06
13,1500,0.000535515253432095,14.56019401550293,5e-06
13,1520,0.0012019640998914838,14.560464859008789,5e-06
13,1540,0.0040156785398721695,14.560739517211914,5e-06
13,1560,0.02608368918299675,14.561012268066406,5e-06
13,1580,0.0016929225530475378,14.561307907104492,5e-06
13,1600,0.007869638502597809,14.561610221862793,5e-06
13,1620,0.006048019044101238,14.561881065368652,5e-06
13,1640,0.024530913680791855,14.56214427947998,5e-06
13,1660,0.0013836822472512722,14.56241512298584,5e-06
13,1680,0.003302481956779957,14.562682151794434,5e-06
13,1700,0.0011645556660369039,14.562943458557129,5e-06
13,1720,0.006922801490873098,14.563199996948242,5e-06
13,1740,0.0020097652450203896,14.563477516174316,5e-06
13,1760,0.019768163561820984,14.563752174377441,5e-06
13,1780,0.022222287952899933,14.563987731933594,5e-06
13,1800,0.001252398476935923,14.564238548278809,5e-06
13,1820,0.001721791224554181,14.564464569091797,5e-06
13,1840,0.0016013856511563063,14.56470775604248,5e-06
13,1860,0.027354514226317406,14.564988136291504,5e-06
14,20,0.10358140617609024,14.565415382385254,5e-06
14,40,0.0170523039996624,14.565630912780762,5e-06
14,60,0.001750079682096839,14.56587028503418,5e-06
14,80,0.0006255472544580698,14.566082000732422,5e-06
14,100,0.0049123275093734264,14.56631851196289,5e-06
14,120,0.004026367794722319,14.566572189331055,5e-06
14,140,0.0005448293522931635,14.566863059997559,5e-06
14,160,0.09159233421087265,14.56712818145752,5e-06
14,180,0.002199399983510375,14.567371368408203,5e-06
14,200,0.001621520845219493,14.567627906799316,5e-06
14,220,0.0020401617512106895,14.56790542602539,5e-06
14,240,0.05819426476955414,14.568183898925781,5e-06
14,260,0.0026173144578933716,14.56843090057373,5e-06
14,280,0.016567952930927277,14.568646430969238,5e-06
14,300,0.0013243899447843432,14.5689058303833,5e-06
14,320,0.008965983986854553,14.569184303283691,5e-06
14,340,0.03615008294582367,14.56944465637207,5e-06
14,360,0.0009648991981521249,14.569656372070312,5e-06
14,380,0.001577564049512148,14.569903373718262,5e-06
14,400,0.0022142715752124786,14.57016658782959,5e-06
14,420,0.002473672851920128,14.57043170928955,5e-06
14,440,0.003504264634102583,14.570698738098145,5e-06
14,460,0.0036541870795190334,14.57094955444336,5e-06
14,480,0.012960989028215408,14.571181297302246,5e-06
14,500,0.0004139157827012241,14.571455955505371,5e-06
14,520,0.09307140111923218,14.571706771850586,5e-06
14,540,0.002522803144529462,14.571946144104004,5e-06
14,560,0.005419885739684105,14.572171211242676,5e-06
14,580,0.0028547681868076324,14.572397232055664,5e-06
14,600,0.0718405619263649,14.572648048400879,5e-06
14,620,0.010511714033782482,14.57287311553955,5e-06
14,640,0.02829296886920929,14.57310962677002,5e-06
14,660,0.0008412266615778208,14.573370933532715,5e-06
14,680,0.03726738691329956,14.573637962341309,5e-06
14,700,0.08823078870773315,14.573898315429688,5e-06
14,720,0.0012725444976240396,14.574137687683105,5e-06
14,740,0.005602716933935881,14.57441234588623,5e-06
14,760,0.0038642873987555504,14.574687004089355,5e-06
14,780,0.09132328629493713,14.57496166229248,5e-06
14,800,0.0009367327438667417,14.575224876403809,5e-06
14,820,0.0020013791508972645,14.575458526611328,5e-06
14,840,0.006474732421338558,14.575726509094238,5e-06
14,860,0.001335447421297431,14.575997352600098,5e-06
14,880,0.009464075788855553,14.576288223266602,5e-06
14,900,0.002237367909401655,14.576557159423828,5e-06
14,920,0.0011186411138623953,14.576817512512207,5e-06
14,940,0.0014783514197915792,14.577075004577637,5e-06
14,960,0.0061384206637740135,14.577370643615723,5e-06
14,980,0.0011299190809950233,14.577645301818848,5e-06
14,1000,0.0005470504984259605,14.577884674072266,5e-06
14,1020,0.00086892896797508,14.578104019165039,5e-06
14,1040,0.006637850310653448,14.578364372253418,5e-06
14,1060,0.0016211611218750477,14.578652381896973,5e-06
14,1080,0.003976625856012106,14.578913688659668,5e-06
14,1100,0.0011849665315821767,14.579188346862793,5e-06
14,1120,0.001279026735574007,14.579463005065918,5e-06
14,1140,0.00122857466340065,14.57967472076416,5e-06
14,1160,0.00642148032784462,14.579938888549805,5e-06
14,1180,0.01195843517780304,14.580216407775879,5e-06
14,1200,0.004777303896844387,14.580429077148438,5e-06
14,1220,0.03870359808206558,14.580692291259766,5e-06
14,1240,0.0016817750874906778,14.580960273742676,5e-06
14,1260,0.0018096191342920065,14.58119010925293,5e-06
14,1280,0.0031812991946935654,14.581489562988281,5e-06
14,1300,0.014784049242734909,14.581770896911621,5e-06
14,1320,0.017245464026927948,14.581993103027344,5e-06
14,1340,0.0007798479637131095,14.582254409790039,5e-06
14,1360,0.00263387244194746,14.582521438598633,5e-06
14,1380,0.001243065926246345,14.582768440246582,5e-06
14,1400,0.007342195603996515,14.583046913146973,5e-06
14,1420,0.08743928372859955,14.583300590515137,5e-06
14,1440,0.000689724285621196,14.583558082580566,5e-06
14,1460,0.011221826076507568,14.583810806274414,5e-06
14,1480,0.00846459623426199,14.584020614624023,5e-06
14,1500,0.0054474021308124065,14.584284782409668,5e-06
14,1520,0.0033322738017886877,14.584551811218262,5e-06
14,1540,0.005207765381783247,14.584823608398438,5e-06
14,1560,0.003374578198418021,14.585066795349121,5e-06
14,1580,0.08612331748008728,14.585286140441895,5e-06
14,1600,0.0007100102375261486,14.585508346557617,5e-06
14,1620,0.0010965110268443823,14.585723876953125,5e-06
14,1640,0.002467161975800991,14.58598518371582,5e-06
14,1660,0.003653000108897686,14.5862455368042,5e-06
14,1680,0.002724149264395237,14.586538314819336,5e-06
14,1700,0.001787393819540739,14.586788177490234,5e-06
14,1720,0.0035619321279227734,14.587003707885742,5e-06
14,1740,0.03352510184049606,14.587226867675781,5e-06
14,1760,0.0018985825590789318,14.587501525878906,5e-06
14,1780,0.0012108177179470658,14.587726593017578,5e-06
14,1800,0.0017275366699323058,14.587953567504883,5e-06
14,1820,0.0008393519674427807,14.588208198547363,5e-06
14,1840,0.01605212688446045,14.588460922241211,5e-06
14,1860,0.013967007398605347,14.588735580444336,5e-06
15,20,0.000937818200327456,14.589167594909668,5e-06
15,40,0.018020175397396088,14.589418411254883,5e-06
15,60,0.0067960056476294994,14.589681625366211,5e-06
15,80,0.010331233032047749,14.58994197845459,5e-06
15,100,0.0012875001411885023,14.590228080749512,5e-06
15,120,0.004386213608086109,14.590534210205078,5e-06
15,140,0.004971348214894533,14.590812683105469,5e-06
15,160,0.0008833807078190148,14.591097831726074,5e-06
15,180,0.08897465467453003,14.5913724899292,5e-06
15,200,0.002775507280603051,14.591591835021973,5e-06
15,220,0.0009788044262677431,14.591849327087402,5e-06
15,240,0.001789917703717947,14.592138290405273,5e-06
15,260,0.008337852545082569,14.592401504516602,5e-06
15,280,0.0013114360626786947,14.59269905090332,5e-06
15,300,0.001599922776222229,14.592934608459473,5e-06
15,320,0.006638611201196909,14.593206405639648,5e-06
15,340,0.009091540239751339,14.593428611755371,5e-06
15,360,0.0006892669480293989,14.593689918518066,5e-06
15,380,0.002973709022626281,14.593964576721191,5e-06
15,400,0.001005483907647431,14.594252586364746,5e-06
15,420,0.006638274062424898,14.594507217407227,5e-06
15,440,0.001878384966403246,14.5947265625,5e-06
15,460,0.0047363294288516045,14.594921112060547,5e-06
15,480,0.002361264545470476,14.59514045715332,5e-06
15,500,0.026244794949889183,14.59537124633789,5e-06
15,520,0.0019384146435186267,14.59563159942627,5e-06
15,540,0.006522472482174635,14.595906257629395,5e-06
15,560,0.000684525934047997,14.596135139465332,5e-06
15,580,0.029777124524116516,14.596362113952637,5e-06
15,600,0.026159480214118958,14.596602439880371,5e-06
15,620,0.009494040161371231,14.59687328338623,5e-06
15,640,0.002265921328216791,14.597121238708496,5e-06
15,660,0.005300744902342558,14.597403526306152,5e-06
15,680,0.006191307678818703,14.597667694091797,5e-06
15,700,0.002051148796454072,14.59791088104248,5e-06
15,720,0.002699584700167179,14.598214149475098,5e-06
15,740,0.011207886040210724,14.598516464233398,5e-06
15,760,0.0009678455535322428,14.598788261413574,5e-06
15,780,0.009697683155536652,14.599020957946777,5e-06
15,800,0.0035989941097795963,14.599271774291992,5e-06
15,820,0.0013242599088698626,14.599532127380371,5e-06
15,840,0.001764924032613635,14.599782943725586,5e-06
15,860,0.009578731842339039,14.600061416625977,5e-06
15,880,0.02829955518245697,14.600337028503418,5e-06
15,900,0.09166821837425232,14.600560188293457,5e-06
15,920,0.014352114871144295,14.600820541381836,5e-06
15,940,0.032827652990818024,14.601029396057129,5e-06
15,960,0.0023492826148867607,14.601263046264648,5e-06
15,980,0.0009104346390813589,14.601534843444824,5e-06
15,1000,0.0009817287791520357,14.601816177368164,5e-06
15,1020,0.008389159105718136,14.602094650268555,5e-06
15,1040,0.0007784299668855965,14.602373123168945,5e-06
15,1060,0.0020356844179332256,14.602648735046387,5e-06
15,1080,0.003714060178026557,14.6029052734375,5e-06
15,1100,0.17419540882110596,14.603128433227539,5e-06
15,1120,0.0010742496233433485,14.603368759155273,5e-06
15,1140,0.0037846858613193035,14.603678703308105,5e-06
15,1160,0.0015025585889816284,14.603967666625977,5e-06
15,1180,0.0009406275348737836,14.604226112365723,5e-06
15,1200,0.0016851413529366255,14.604482650756836,5e-06
15,1220,0.0009844850283116102,14.604751586914062,5e-06
15,1240,0.0074241491965949535,14.605032920837402,5e-06
15,1260,0.015193048864603043,14.605308532714844,5e-06
15,1280,0.0009367360034957528,14.605587005615234,5e-06
15,1300,0.040983520448207855,14.60584545135498,5e-06
15,1320,0.08929443359375,14.606050491333008,5e-06
15,1340,0.005052901804447174,14.606310844421387,5e-06
15,1360,0.0010550839360803366,14.606593132019043,5e-06
15,1380,0.008843662217259407,14.606892585754395,5e-06
15,1400,0.0021903179585933685,14.607192039489746,5e-06
15,1420,0.0011483363341540098,14.607474327087402,5e-06
15,1440,0.0011365821119397879,14.60775375366211,5e-06
15,1460,0.0033976472914218903,14.608014106750488,5e-06
15,1480,0.0019904531072825193,14.608280181884766,5e-06
15,1500,0.0016369206132367253,14.60855770111084,5e-06
15,1520,0.000772707280702889,14.608858108520508,5e-06
15,1540,0.021360250189900398,14.609107971191406,5e-06
15,1560,0.03318782150745392,14.609358787536621,5e-06
15,1580,0.0014051198959350586,14.609617233276367,5e-06
15,1600,0.0017743405187502503,14.609829902648926,5e-06
15,1620,0.007130017504096031,14.610052108764648,5e-06
15,1640,0.021082863211631775,14.610334396362305,5e-06
15,1660,0.0023944461718201637,14.61060619354248,5e-06
15,1680,0.013028823770582676,14.610835075378418,5e-06
15,1700,0.0006850430509075522,14.61111068725586,5e-06
15,1720,0.0029103385750204325,14.61138916015625,5e-06
15,1740,0.0020313593558967113,14.611625671386719,5e-06
15,1760,0.022984247654676437,14.611842155456543,5e-06
15,1780,0.002271689474582672,14.612079620361328,5e-06
15,1800,0.0048695518635213375,14.612333297729492,5e-06
15,1820,0.0017204994801431894,14.612560272216797,5e-06
15,1840,0.002858052495867014,14.612832069396973,5e-06
15,1860,0.002335884841158986,14.613131523132324,5e-06
